Workbook

Sheet 1_绩效标准4.2
A1: 分类 | B1: 细分项 | C1: 描述 | D1: 操作办法以及举例 | E1: 评分/积分总则（以150分为满分计算） | G1: 上限
A2: 日常工作 | B2: 项目成效 | C2: 根据解决的项目问题数量及难度 | D2: 【操作办法】细则请参考各组考核标准及jira评估细则 【例子】xxx | E2: 1. 功能或需求开发部分研发测试通过前，此部分的低级缺陷，等级为NA或降级 2. 问题jira数量以“实际完成日期”和“开发工程师”两个字段为准 规则： 1. 鼓励提升开发质量：功能开发过程中带出的bug视情况降低权重 | G2: 100分
A3: 工作质量 | B3: 软件质量 | C3: 1. 代码走查 2. 每日代码审核 3. Bug打回率 4. 超期问题：部门成员整体加分，超期问题占比（每个月动态调整） 5. 模块设计评审 | D3: 【操作办法】代码走查、每日代码审核由效能给出数据；Bug打回率、超期问题数据由质量给出；模块设计评审由部门经理给出 【例子】xxx | E3: 1. 代码走查：1-2分/场（组织者）+ 0.5分/场（参与者有效建议） 2. 代码审核：0.5分/次（审核出异常加分，error 1分，其他0.5分，上限3分）；代码审核数≥30个 +1分，≥50个 +2分（不需要额外登记jira记录代码审核工时） 3. 部门Bug打回率（不区分是否有效）：（≤3%：2分/人，≤5%：1分/人，＞5%：0分/人） 4. 个人Bug有效打回：-1分/个（特殊情况：相同类型的问题算1个） 5. 超期问题部门达成：3分/人（与质量组达成一致的目标） 6. 设计评审：1-2分/场（组织者）+0.5分/场（参与者有效建议） | G3: 15分
A4: 个人目标 | B4: 个人业务目标 | C4: 1. 改善目标：CBB目标或者功能元、质量、效率、团队协作、流程等 2. 成长目标 3. 个人关键节点目标 | D4: 【操作办法】每月月总前由工程师填写这四个维度的下月目标，月总评估目标分值以及上月目标完成情况 【例子】xxx | E4: 月初根据个人目标（OAR）制定的难度及价值进行评定预估得分，月底结合目标达成情况评定最终得分。（工程师制定->部门经理审核并给出预估得分->部门公示->执行监控->工程师总结达成情况->部门经理评定最终得分->部门公示） A.关键指标： （1）月度Sprint平均完成率 90%-95%（1分） 95%-100%（2分） （2）月度项目里程碑达成率100%：0~5分（按难度评估出预估得分） B.关键事项：0~10分（部门TopN目标， CBB或功能元目标，动态的改善和创新目标等，需部门内全员共识：比如工作提效、质量改善、流程优化、招聘、超期、专利等，项目类改善目标不纳入此项加分）（按难度评估出预估得分） | G4: 15分 | H4: sprint改成1、2、3
A5: 相关方评价 | B5: 相关方评价 （软件中心内部） | C5: 1. 团队交付（按时、质量等维度） 2. 团队协作（问题解答、技术协助等） 3. 态度和反馈 | D5: 【操作办法】每月25号之前完成调查问卷评分反馈以及统计 【例子】xxx | E5: 前20% 5分，前50% 3分，后30% 1分 | G5: 5分
A6: 绩效加分项 | B6: 团队贡献 | C6: 培养新人：带实习生/新人/外包 | E6: 1. 第1月0-3分，第2月0-2分，第3月0-1分，第4月无（实习生与校招入职新人是同一位，只做一次加分；导师自己及部门团队成员每月根据该导师带新人的成效，确认是否加满该月的分数） 2. 实习考核工作量导师自行登记jira跟进，视情况登记 | G6: 15分
B7: 团队建设 | C7: 1. 分享目标 2. 专利目标 3. 文档目标 4. 团队氛围：活动组织等 | E7: 如下维度，共8分： 1. 分享目标：1-2分/次（上限≤4分） 2. 专利目标：交底书登记jira，提案通过2分，交局通过3分（上限≤5分） 3. 文档目标：1分/份（上限≤2分） 4. 团队氛围：1-2分/次（上限≤2分） 5. 微创新：根据项目结项成效加1-3分（上限3分） 6. 招聘面试：0.5分/人（上限3分，超出6人部分按日常工作量统计） | H7: 交底书jira登记去除奖励
B8: 表扬（相关方） | C8: 1. 点赞平台等非正式表扬 2. 书面邮件正式表扬 | E8: 1. 点赞平台等非正式表扬：1分（上限≤3分） 2. 个人书面邮件正式表扬：5分 3. 项目组成员邮件正式表扬：2分
B9: 其他 | C9: 各个部门共同认可特殊贡献 1. S级、A级项目PL增加问卷调查（问卷对象：项目经理+部门经理+该项目的系统开发成员，问卷维度：主导跟进-5、沟通协调-5、专业能力-5，选择题+问答题），根据相关方反馈情况、项目按时达成情况及项目等级，大PL加0-5分，小PL加0-3分 | G9: 酌情
A10: 绩效减分项 | B10: 技术失误 管理失误 | C10: 1万以下 | E10: 一般 | G10: 2-5分
C11: 1万-5万 | E11: 严重 | G11: 5-10分
C12: 5万-10万 | E12: 很严重 | G12: 10-20分
C13: 10万以上 | E13: 极其严重 | G13: 当月清0
B14: 低级失误 | C14: 5K以下 | E14: 一般 | G14: 5-10分
C15: 5K-3万 | E15: 严重 | G15: 10-30分
C16: 3万以上 | E16: 极其严重 | G16: 当月清0
B17: 质量异常 | C17: 软件送测异常 | G17: 4分/次
C18: Jenkins编译错误 | G18: 1分/次
C19: 代码审核导致的质量异常事件（视情况而定） | G19: 占失误分数的30%

Sheet 个人目标操作流程及注意事项
A1: 维度 | B1: 详细说明 | C1: 注意事项
A2: 完整流程 | C2: /
A3: 工程师制定OAR | B3: 1、列出关键事项：​ 根据当月主要任务，列出1-3项最具难度和价值的关键事项（如“在5号前完成XX模块开发并提测”）。 2、描述目标与成果：​ 每项事项需明确、可衡量（遵循SMART原则）。 3、自我评估难度：​ 从“工作量”和“复杂度”两个维度自我评估难度，作为目标分的参考。 | C3: 1、聚焦重点：​ 事项不应过多，应聚焦对项目有实质性推动的工作。 2、避免虚化：​ 目标描述应具体，如“优化接口性能”应改为“将XX接口响应时间从200ms降低至50ms”。 3、提前沟通：​ 制定时可与项目经理或技术负责人初步沟通，确保方向正确。 4、当月参与项目无里程碑节点：与部门经理拆出需要完成下一个节点的任务完成占比作为当月关键节点。
A4: 部门经理审核并给出目标分 | B4: 1、审核合理性：​ 判断目标是否与部门方向一致，难度和价值评估是否客观。 2、校准目标分：​ 基于“难度”（工作量+复杂度）给出0-8分的目标分。例如： 1-3分（常规任务，以T14职级为标准的参照耗时：1-3天）：​ 本部门流程/质量/专项改善、功能元迭代与新增 4-6分（挑战任务，以T14职级为标准的参照耗时：4-6天）：​ 跨部门流程/质量/专项改善、CBB迭代与新增、新技术攻关、复杂架构设计 7-8分（突破性任务，以T14职级为标准的参照耗时：7-10天）：​ 技术创新、解决行业级难题。 3、标注价值项：​ 识别出具有高潜在价值（如技术沉淀、流程优化、业务创新）的事项，作为月底加分项的参考。 | C4: 1、公平公正：​ 确保不同工程师之间的评分标准尺度一致。 2、充分沟通：​ 与工程师充分沟通评分依据，达成共识，避免“命令式”下达。 3、价值引导：​ 通过标注高价值事项，引导工程师关注工作带来的长远影响。
A5: 部门公示 | B5: 1、通过邮件或协作工具（绩效系统）将所有人的OAR及目标分进行公示。 2、设置短暂的异议期（如1个工作日）。 | C5: 1、透明化：​ 公示旨在促进透明公平，让团队成员相互了解工作重点。 2、保密性：​ 注意敏感信息脱敏。
A6: 执行与监控 | B6: 1、工程师：​ 按计划推进工作，遇到风险及时上报。 2、部门经理/项目经理：​ 定期（如每周）通过站会或周会了解进展，提供支持。 | C6: 1、过程管理：​ 监控是为了及时识别和清除障碍。 2、记录变更：​ 如有导致目标变更的苗头，应及时记录。
A7: 项目变化/紧急插入变更调整 | B7: 1、当发生重大变化时，如：项目方向调整、需求大幅变更、关键资源缺失、出现更高优先级的紧急任务（如：事件、售后问题或关键在研项目攻关等）。 2、发起变更：​ 由工程师或项目经理或部门经理发起，说明变更原因、原目标调整建议、新目标提案。 3、重新审核：​ 部门经理对变更申请进行审核，评估新目标的难度和价值。 4、重新评定得分：​ 基于新目标的难度，重新给出目标分。最终得分应基于调整后的目标进行计算。 5、再次公示：​ 将变更后的目标及得分进行公示，确保透明度。 一天内此流程闭环 | C7: 1、及时性：​ 变化发生时应立即申请调整，而非月底“秋后算账”。 2、客观性：​ 调整是基于客观事实，而非因为目标难以完成而“放水”。 3、存档：​ 所有变更申请和审批记录需存档备查。
A8: 工程师总结达成情况 | B8: 1、逐项说明：​ 对照月初或变更后的OAR，逐项说明完成情况，附上可验证的证据（如代码链接、文档、测试报告）。 2、突出价值：​ 在总结中重点阐述工作带来的价值（如：效率提升X%、节省成本Y元、形成技术规范Z），作为加分依据。 3、困难与反思：​ 对未完成项说明原因，并总结经验教训。 | C8: 1、实事求是：​ 基于事实陈述，避免夸大或缩水。 2、结果导向：​ 聚焦在输出的成果和产生的影响上。
A9: 部门经理评定最终得分 | B9: 1、评估完成度：​ 基于工程师的总结和客观证据，评估每项目标的完成质量（100%、80%、50%等）。 2、计算基础分：​ 最终得分 = 目标分 × 完成度。例如，一项目标4分的任务100%完成，得4分；80%完成，得3.2分，注意：完成度统计月度增量值，比如第2个月相比第一个月完成度增加了20%，第2个月的完成度就是20%。 3、综合评定：​ 将所有事项的得分（含加分）汇总，得出月度最终得分。 | C9: 1、对事不对人：​ 评分严格依据目标达成情况和价值贡献，避免带入个人感情。 2、反馈具体：​ 在评语中明确指出得分高低的原因，特别是加分项，让工程师明确后续努力方向。
A10: 最终结果部门公示 | B10: 公示最终得分是为了闭环，形成良性竞争和学习氛围。管理者需准备好对得分差异进行解释，确保公平性。

Sheet 2_工程师绩效表格
A1: 序号 | B1: 经办人 | C1: 部门 | D1: 日常工作 （100分） | E1: 工作质量（20分） | F1: 个人目标 （20分） | G1: 部门互评 （10分） | H1: 绩效加分项（10分） | I1: 绩效减分项 | J1: 总分 | K1: 备注
A2: 1 | B2: 陈伟祥 | C2: 平台设计一部 | D2: ==日常工作!K3 -> 0 | E2: ==工作质量!I3 -> 0 | F2: ==个人目标!E3 -> 0 | G2: ==部门互评!G3 -> 0 | H2: ==绩效加分!L3 -> 2 | I2: ==绩效减分!D3 -> 0 | J2: ==SUM(D2:I2) -> 2
A3: 2 | B3: 黄砚轩 | C3: 平台设计一部 | D3: ==日常工作!K4 -> 0 | E3: ==工作质量!I4 -> 0 | F3: ==个人目标!E4 -> 0 | G3: ==部门互评!G4 -> 0 | H3: ==绩效加分!L4 -> 0 | I3: ==绩效减分!D4 -> 0 | J3: ==SUM(D3:I3) -> 0
A4: 3 | B4: 胡雪 | C4: 平台设计一部 | D4: ==日常工作!K5 -> 0 | E4: ==工作质量!I5 -> 0 | F4: ==个人目标!E5 -> 0 | G4: ==部门互评!G5 -> 0 | H4: ==绩效加分!L5 -> 0 | I4: ==绩效减分!D5 -> 0 | J4: ==SUM(D4:I4) -> 0
A5: 4 | B5: 焦永皓 | C5: 平台设计一部 | D5: ==日常工作!K6 -> 0 | E5: ==工作质量!I6 -> 0 | F5: ==个人目标!E6 -> 0 | G5: ==部门互评!G6 -> 0 | H5: ==绩效加分!L6 -> 2 | I5: ==绩效减分!D6 -> 0 | J5: ==SUM(D5:I5) -> 2
A6: 5 | B6: 纪兴安 | C6: 平台设计一部 | D6: ==日常工作!K7 -> 0 | E6: ==工作质量!I7 -> 0 | F6: ==个人目标!E7 -> 0 | G6: ==部门互评!G7 -> 0 | H6: ==绩效加分!L7 -> 0 | I6: ==绩效减分!D7 -> 0 | J6: ==SUM(D6:I6) -> 0
A7: 6 | B7: 黎竞超 | C7: 平台设计一部 | D7: ==日常工作!K8 -> 0 | E7: ==工作质量!I8 -> 0 | F7: ==个人目标!E8 -> 0 | G7: ==部门互评!G8 -> 0 | H7: ==绩效加分!L8 -> 0 | I7: ==绩效减分!D8 -> 0 | J7: ==SUM(D7:I7) -> 0
A8: 7 | B8: 林耀锦 | C8: 平台设计一部 | D8: ==日常工作!K9 -> 0 | E8: ==工作质量!I9 -> 0 | F8: ==个人目标!E9 -> 0 | G8: ==部门互评!G9 -> 0 | H8: ==绩效加分!L9 -> 1 | I8: ==绩效减分!D9 -> 0 | J8: ==SUM(D8:I8) -> 1
A9: 8 | B9: 谢锐东 | C9: 平台设计一部 | D9: ==日常工作!K10 -> 0 | E9: ==工作质量!I10 -> 0 | F9: ==个人目标!E10 -> 0 | G9: ==部门互评!G10 -> 0 | H9: ==绩效加分!L10 -> 0 | I9: ==绩效减分!D10 -> 0 | J9: ==SUM(D9:I9) -> 0
A10: 9 | B10: 叶晓杰 | C10: 平台设计一部 | D10: ==日常工作!K11 -> 0 | E10: ==工作质量!I11 -> 0 | F10: ==个人目标!E11 -> 0 | G10: ==部门互评!G11 -> 0 | H10: ==绩效加分!L11 -> 0 | I10: ==绩效减分!D11 -> 0 | J10: ==SUM(D10:I10) -> 0
A11: 10 | B11: 赵鹏飞 | C11: 平台设计一部 | D11: ==日常工作!K12 -> 0 | E11: ==工作质量!I12 -> 0 | F11: ==个人目标!E12 -> 0 | G11: ==部门互评!G12 -> 0 | H11: ==绩效加分!L12 -> 0 | I11: ==绩效减分!D12 -> 0 | J11: ==SUM(D11:I11) -> 0

Sheet 日常工作
A1: 满分100分（标准分） 1. 功能或需求开发部分研发测试通过前，此部分的低级缺陷，等级为NA或降级 2. 问题jira数量以“实际完成日期”和“开发工程师”两个字段为准 3. 鼓励提升开发质量：功能开发过程中带出的bug视情况降低权重
A2: 序号 | B2: 经办人 | C2: A | D2: B | E2: C | F2: D | G2: NA | H2: S | I2: 总计 | J2: 分数 | K2: 标准分 | L2: 备注
A3: 1 | B3: 陈伟祥
A4: 2 | B4: 黄砚轩
A5: 3 | B5: 胡雪
A6: 4 | B6: 焦永皓
A7: 5 | B7: 纪兴安
A8: 6 | B8: 黎竞超
A9: 7 | B9: 林耀锦
A10: 8 | B10: 谢锐东
A11: 9 | B11: 叶晓杰
A12: 10 | B12: 赵鹏飞
B14: 2维过滤器统计: 国内业务部每月Jira数据

Sheet 个人目标
A1: 满分15分 1. 关键指标 0~7 分 2. 关键事项 0~8 分
A2: 序号 | B2: 姓名 | C2: 关键指标 （0~7分） | D2: 关键事项 （0~8分） | E2: 总分 | F2: 备注
A3: 1 | B3: 陈伟祥
A4: 2 | B4: 黄砚轩
A5: 3 | B5: 胡雪
A6: 4 | B6: 焦永皓
A7: 5 | B7: 纪兴安
A8: 6 | B8: 黎竞超
A9: 7 | B9: 林耀锦
A10: 8 | B10: 谢锐东
A11: 9 | B11: 叶晓杰
A12: 10 | B12: 赵鹏飞

Sheet 工作质量
A1: 满分15分 1. 代码走查：1-2分/场（组织者）+ 0.5分/场（参与者有效建议） 2. 代码审核：0.5分/次（审核出异常加分，error 1分，其他0.5分，上限3分）；代码审核数≥30个 +1分，≥50个 +2分（不需要额外登记jira记录代码审核工时） 3. 部门Bug打回率（不区分是否有效）：（≤3%：2分/人，≤5%：1分/人，＞5%：0分/人） 4. 个人Bug有效打回：-1分/个（特殊情况：相同类型的问题算1个） 5. 超期问题部门达成：3分/人（与质量组达成一致的目标） 6. 设计评审：1-2分/场（组织者）+0.5分/场（参与者有效建议）
A2: 序号 | B2: 姓名 | C2: 代码走查 | D2: 代码审核 | E2: 部门Bug打回率 | F2: 个人Bug有效打回 | G2: 超期问题部门达成 | H2: 设计评审 | I2: 总分
A3: 1 | B3: 陈伟祥 | C3: ==C17 -> 0 | D3: ==E17 -> 0 | E3: ==K17 -> 0 | F3: ==G17 -> 0 | G3: ==J17 -> 0 | H3: ==I17 -> 0 | I3: ==SUM(C3:H3) -> 0
A4: 2 | B4: 黄砚轩 | C4: ==C18 -> 0 | D4: ==E18 -> 0 | E4: ==K18 -> 0 | F4: ==G18 -> 0 | G4: ==J18 -> 0 | H4: ==I18 -> 0 | I4: ==SUM(C4:H4) -> 0
A5: 3 | B5: 胡雪 | C5: ==C19 -> 0 | D5: ==E19 -> 0 | E5: ==K19 -> 0 | F5: ==G19 -> 0 | G5: ==J19 -> 0 | H5: ==I19 -> 0 | I5: ==SUM(C5:H5) -> 0
A6: 4 | B6: 焦永皓 | C6: ==C20 -> 0 | D6: ==E20 -> 0 | E6: ==K20 -> 0 | F6: ==G20 -> 0 | G6: ==J20 -> 0 | H6: ==I20 -> 0 | I6: ==SUM(C6:H6) -> 0
A7: 5 | B7: 纪兴安 | C7: ==C21 -> 0 | D7: ==E21 -> 0 | E7: ==K21 -> 0 | F7: ==G21 -> 0 | G7: ==J21 -> 0 | H7: ==I21 -> 0 | I7: ==SUM(C7:H7) -> 0
A8: 6 | B8: 黎竞超 | C8: ==C22 -> 0 | D8: ==E22 -> 0 | E8: ==K22 -> 0 | F8: ==G22 -> 0 | G8: ==J22 -> 0 | H8: ==I22 -> 0 | I8: ==SUM(C8:H8) -> 0
A9: 7 | B9: 林耀锦 | C9: ==C23 -> 0 | D9: ==E23 -> 0 | E9: ==K23 -> 0 | F9: ==G23 -> 0 | G9: ==J23 -> 0 | H9: ==I23 -> 0 | I9: ==SUM(C9:H9) -> 0
A10: 8 | B10: 谢锐东 | C10: ==C24 -> 0 | D10: ==E24 -> 0 | E10: ==K24 -> 0 | F10: ==G24 -> 0 | G10: ==J24 -> 0 | H10: ==I24 -> 0 | I10: ==SUM(C10:H10) -> 0
A11: 9 | B11: 叶晓杰 | C11: ==C25 -> 0 | D11: ==E25 -> 0 | E11: ==K25 -> 0 | F11: ==G25 -> 0 | G11: ==J25 -> 0 | H11: ==I25 -> 0 | I11: ==SUM(C11:H11) -> 0
A12: 10 | B12: 赵鹏飞 | C12: ==C26 -> 0 | D12: ==E26 -> 0 | E12: ==K26 -> 0 | F12: ==G26 -> 0 | G12: ==J26 -> 0 | H12: ==I26 -> 0 | I12: ==SUM(C12:H12) -> 0
A14: 工作质量
A15: 成员 | B15: 代码走查 | D15: 代码审核 （≥30个加1分，≥50个加2分） | F15: Bug有效打回数 | H15: 设计评审 | J15: 超期问题部门达成 （达成为3分） | K15: 部门BUG打回率 （≤3% 2分，≤5% 1分，＞5% 0分） | L15: 备注
B16: 次数 | C16: 评分 | D16: 总审核次数 （“链接”填下方表单） | E16: 评分 | F16: 个数 | G16: 评分 | H16: 次数 | I16: 评分
A17: 陈伟祥
A18: 黄砚轩
A19: 胡雪
A20: 焦永皓
A21: 纪兴安
A22: 黎竞超
A23: 林耀锦
A24: 谢锐东
A25: 叶晓杰
A26: 赵鹏飞

Sheet 部门互评
A1: 满分5分 前20% 5分，前50% 3分，后30% 1分
A2: 序号 | B2: 姓名 | C2: 团队交付 （按时、质量等维度） | D2: 团队协作 （问题解答、技术协助等） | E2: 态度和反馈 | F2: 总分 | G2: 对应分数 | H2: 备注 | I2: 备注
A3: 1 | B3: 陈伟祥
A4: 2 | B4: 黄砚轩
A5: 3 | B5: 胡雪
A6: 4 | B6: 焦永皓
A7: 5 | B7: 纪兴安
A8: 6 | B8: 黎竞超
A9: 7 | B9: 林耀锦
A10: 8 | B10: 谢锐东
A11: 9 | B11: 叶晓杰
A12: 10 | B12: 赵鹏飞

Sheet 绩效加分
A1: 满分15分 团队贡献：第1月0-3分，第2月0-2分，第3月0-1分，第4月无（实习生与校招入职新人是同一位，只做一次加分；导师自己及部门团队成员每月根据该导师带新人的成效，确认是否加满该月的分数）；实习考核工作量导师自行登记jira跟进，视情况登记 分享目标：1-2分/次（上限≤4分） 专利目标：交底书登记jira，提案通过3分，交局通过3分（上限≤6分） 文档目标：1分/份（上限≤2分） 团队氛围：1-2分/次（上限≤2分） 表扬（相关方）：点赞平台等非正式表扬：1分（上限≤3分）；个人书面邮件正式表扬：5分；项目组成员邮件正式表扬：2分 其它：S级、A级项目PL增加问卷调查，根据相关方反馈情况、项目按时达成情况及项目等级，大PL加0-5分，小PL加0-3分
A2: 序号 | B2: 成员 | C2: 培养新人 （0~3分） | D2: 文档 （0~2分） | E2: 分享 （0~4分） | F2: 专利 （0~5分） | G2: 微创新 （0~3分） | H2: 团队氛围 （0~2分） | I2: 招聘面试 （0~3分） | J2: 表扬（相关方） | K2: 其他（PL） | L2: 总分 0~15 | M2: 备注
A3: 1 | B3: 陈伟祥 | C3: ==C17 -> 0 | D3: ==E17 -> 0 | E3: ==G17 -> 0 | F3: ==I17 -> 0 | G3: ==K17 -> 0 | H3: ==Q17 -> 0 | I3: ==M17 -> 0 | J3: ==O17 -> 0 | K3: 2 | L3: ==SUM(C3:K3) -> 2
A4: 2 | B4: 黄砚轩 | C4: ==C18 -> 0 | D4: ==E18 -> 0 | E4: ==G18 -> 0 | F4: ==I18 -> 0 | G4: ==K18 -> 0 | H4: ==Q18 -> 0 | I4: ==M18 -> 0 | J4: ==O18 -> 0 | K4: 0 | L4: ==SUM(C4:K4) -> 0
A5: 3 | B5: 胡雪 | C5: ==C19 -> 0 | D5: ==E19 -> 0 | E5: ==G19 -> 0 | F5: ==I19 -> 0 | G5: ==K19 -> 0 | H5: ==Q19 -> 0 | I5: ==M19 -> 0 | J5: ==O19 -> 0 | K5: 0 | L5: ==SUM(C5:K5) -> 0
A6: 4 | B6: 焦永皓 | C6: ==C20 -> 0 | D6: ==E20 -> 0 | E6: ==G20 -> 0 | F6: ==I20 -> 0 | G6: ==K20 -> 0 | H6: ==Q20 -> 0 | I6: ==M20 -> 0 | J6: ==O20 -> 0 | K6: 2 | L6: ==SUM(C6:K6) -> 2
A7: 5 | B7: 纪兴安 | C7: ==C21 -> 0 | D7: ==E21 -> 0 | E7: ==G21 -> 0 | F7: ==I21 -> 0 | G7: ==K21 -> 0 | H7: ==Q21 -> 0 | I7: ==M21 -> 0 | J7: ==O21 -> 0 | K7: 0 | L7: ==SUM(C7:K7) -> 0
A8: 6 | B8: 黎竞超 | C8: ==C22 -> 0 | D8: ==E22 -> 0 | E8: ==G22 -> 0 | F8: ==I22 -> 0 | G8: ==K22 -> 0 | H8: ==Q22 -> 0 | I8: ==M22 -> 0 | J8: ==O22 -> 0 | K8: 0 | L8: ==SUM(C8:K8) -> 0
A9: 7 | B9: 林耀锦 | C9: ==C23 -> 0 | D9: ==E23 -> 0 | E9: ==G23 -> 0 | F9: ==I23 -> 0 | G9: ==K23 -> 0 | H9: ==Q23 -> 0 | I9: ==M23 -> 0 | J9: ==O23 -> 0 | K9: 1 | L9: ==SUM(C9:K9) -> 1
A10: 8 | B10: 谢锐东 | C10: ==C24 -> 0 | D10: ==E24 -> 0 | E10: ==G24 -> 0 | F10: ==I24 -> 0 | G10: ==K24 -> 0 | H10: ==Q24 -> 0 | I10: ==M24 -> 0 | J10: ==O24 -> 0 | K10: 0 | L10: ==SUM(C10:K10) -> 0
A11: 9 | B11: 叶晓杰 | C11: ==C25 -> 0 | D11: ==E25 -> 0 | E11: ==G25 -> 0 | F11: ==I25 -> 0 | G11: ==K25 -> 0 | H11: ==Q25 -> 0 | I11: ==M25 -> 0 | J11: ==O25 -> 0 | K11: 0 | L11: ==SUM(C11:K11) -> 0
A12: 10 | B12: 赵鹏飞 | C12: ==C26 -> 0 | D12: ==E26 -> 0 | E12: ==G26 -> 0 | F12: ==I26 -> 0 | G12: ==K26 -> 0 | H12: ==Q26 -> 0 | I12: ==M26 -> 0 | J12: ==O26 -> 0 | K12: 0 | L12: ==SUM(C12:K12) -> 0
A14: 绩效加分
A15: 成员 | B15: 培养新人 | D15: 文档 | F15: 分享 | H15: 专利（提案通过、交局） | J15: 微创新（结项） | L15: 招聘 （0.5分/人，上限3分，超出6人部分按日常工作量统计） | N15: 表扬 | P15: 团队氛围 （分享、创新、活动目标达成） | R15: 备注
B16: 人数及月数 | C16: 评分 | D16: 份数 （“链接”填下方表单） | E16: 评分 | F16: 次数 | G16: 评分 | H16: 份数 | I16: 评分 | J16: 次数 | K16: 评分 | L16: 次数 | M16: 评分 | N16: 次数 | O16: 评分 | P16: 次数 | Q16: 评分
A17: 陈伟祥
A18: 黄砚轩
A19: 胡雪
A20: 焦永皓
A21: 纪兴安
A22: 黎竞超
A23: 林耀锦
A24: 谢锐东
A25: 叶晓杰
A26: 赵鹏飞

Sheet 绩效减分
A1: 如下表
A2: 序号 | B2: 成员 | C2: 异常 | D2: 总分 | E2: 备注
A3: 1 | B3: 陈伟祥 | D3: 0
A4: 2 | B4: 黄砚轩 | D4: 0
A5: 3 | B5: 胡雪 | D5: 0
A6: 4 | B6: 焦永皓 | D6: 0
A7: 5 | B7: 纪兴安 | D7: 0
A8: 6 | B8: 黎竞超 | D8: 0
A9: 7 | B9: 林耀锦 | D9: 0
A10: 8 | B10: 谢锐东 | D10: 0
A11: 9 | B11: 叶晓杰 | D11: 0
A12: 10 | B12: 赵鹏飞
A14: 绩效减分项 | B14: 技术失误 管理失误 | C14: 1万以下 | D14: 一般 | E14: 2-5分
C15: 1万-5万 | D15: 严重 | E15: 5-10分
C16: 5万-10万 | D16: 很严重 | E16: 10-20分
C17: 10万以上 | D17: 极其严重 | E17: 当月清0
B18: 低级失误 | C18: 5K以下 | D18: 一般 | E18: 5-10分
C19: 5K-3万 | D19: 严重 | E19: 10-30分
C20: 3万以上 | D20: 极其严重 | E20: 当月清0
B21: 质量异常 | C21: 软件送测异常 | E21: 4分/次
C22: Jenkins编译错误 | E22: 1分/次
C23: 代码审核导致的质量异常事件（视情况而定） | E23: 占失误分数的30%
